{
  "institution": {
    "name": "Clínica en Adicciones Sentido de Vida GDL",
    "tagline": "Recuperación, Esperanza y Transformación",
    "address": "Camino a las Islas # 11, Zapotlanejo, Jalisco, México",
    "phone": "+33 3196 2135",
    "email": "terehernandez2000@gmail.com",
    "rfc": "SVC201015SM3",
    "service": "Servicio 24/7",
    "facebook": "https://www.facebook.com/ClinicaenadiccionesSentidoDeVidaGDL/",
    "instagram": "https://instagram.com/sentidodevida.gdl",
    "tiktok": "https://tiktok.com/@sentidodevida.gdl",
    "whatsapp": "https://wa.me/3331962135"
  },
  "weeks": [
    {
      "week": 1,
      "title": "¿Qué es la adicción?",
      "subtitle": "Cerebro y enfermedad",
      "description": "La adicción no es un fracaso moral, es una enfermedad que afecta el cerebro. Comprende cómo funciona la dependencia y por qué es tan difícil dejarla.",
      "keyPoints": [
        "La adicción es una enfermedad neurobiológica",
        "Afecta el sistema de recompensa del cerebro",
        "No es debilidad, es química cerebral",
        "La recuperación es posible con ayuda profesional"
      ],
      "cta": "Conoce más sobre cómo podemos ayudarte",
      "image": "week-1.jpg",
      "quarter": "Primer Trimestre: Cimientos y Realidad"
    },
    {
      "week": 2,
      "title": "La Codependencia",
      "subtitle": "El rol de la familia",
      "description": "Cuando alguien que amamos lucha con la adicción, nosotros también sufrimos. La codependencia es real y requiere atención profesional.",
      "keyPoints": [
        "La familia es parte del sistema de la enfermedad",
        "Codependencia: cuando el amor se convierte en control",
        "Establecer límites es un acto de amor",
        "La familia también necesita sanar"
      ],
      "cta": "Busca apoyo para tu familia",
      "image": "week-2.jpg",
      "quarter": "Primer Trimestre: Cimientos y Realidad"
    },
    {
      "week": 3,
      "title": "Impacto en el trabajo",
      "subtitle": "Ausentismo y productividad",
      "description": "La adicción no respeta horarios ni responsabilidades. El trabajo sufre, la carrera se detiene, y la autoestima se desmorona.",
      "keyPoints": [
        "Ausentismo frecuente y falta de concentración",
        "Pérdida de oportunidades laborales",
        "Deterioro de relaciones profesionales",
        "La reinserción laboral es posible tras la recuperación"
      ],
      "cta": "Recupera tu vida profesional",
      "image": "week-3.jpg",
      "quarter": "Primer Trimestre: Cimientos y Realidad"
    },
    {
      "week": 4,
      "title": "Aceptación de la enfermedad",
      "subtitle": "El primer paso",
      "description": "Admitir que hay un problema es el primer paso hacia la recuperación. No es vergüenza, es valentía.",
      "keyPoints": [
        "Aceptación = Primer paso hacia el cambio",
        "La negación prolonga el sufrimiento",
        "Pedir ayuda es fortaleza, no debilidad",
        "Cada día es una nueva oportunidad"
      ],
      "cta": "Da el primer paso hoy",
      "image": "week-4.jpg",
      "quarter": "Primer Trimestre: Cimientos y Realidad"
    },
    {
      "week": 5,
      "title": "El Alcohol",
      "subtitle": "La droga social y sus peligros",
      "description": "Normalizado por la sociedad, el alcohol es una de las drogas más destructivas. Conoce sus efectos reales.",
      "keyPoints": [
        "El alcohol afecta hígado, corazón y cerebro",
        "Dependencia física y psicológica",
        "Impacto en relaciones y salud mental",
        "Recuperación sin alcohol es posible"
      ],
      "cta": "Entiende el impacto del alcohol",
      "image": "week-5.jpg",
      "quarter": "Primer Trimestre: Cimientos y Realidad"
    },
    {
      "week": 6,
      "title": "Dinámica Familiar Disfuncional",
      "subtitle": "Comunicación y roles",
      "description": "Las familias con adicción desarrollan patrones de comunicación destructivos. Es hora de sanar.",
      "keyPoints": [
        "Roles disfuncionales: habilitador, chivo expiatorio, etc.",
        "Secretos y mentiras que destruyen la confianza",
        "Comunicación asertiva como herramienta de cambio",
        "La terapia familiar acelera la recuperación"
      ],
      "cta": "Sana tu familia",
      "image": "week-6.jpg",
      "quarter": "Primer Trimestre: Cimientos y Realidad"
    },
    {
      "week": 7,
      "title": "Consecuencias Legales",
      "subtitle": "Y accidentes",
      "description": "La adicción no solo destruye la salud, también puede arruinar tu futuro legal y tu vida.",
      "keyPoints": [
        "DUI, arrestos y antecedentes penales",
        "Accidentes de tránsito y responsabilidad civil",
        "Pérdida de custodia de hijos",
        "La recuperación puede cambiar tu destino legal"
      ],
      "cta": "Evita las consecuencias",
      "image": "week-7.jpg",
      "quarter": "Primer Trimestre: Cimientos y Realidad"
    },
    {
      "week": 8,
      "title": "Tipos de Centros de Rehabilitación",
      "subtitle": "¿A dónde ir?",
      "description": "Existen diferentes opciones de tratamiento. Conoce cuál es la mejor para ti o tu ser querido.",
      "keyPoints": [
        "Tratamiento ambulatorio vs. residencial",
        "Programas de 12 pasos y terapia cognitivo-conductual",
        "Importancia de la supervisión médica",
        "Sentido de Vida: Tu opción de recuperación 24/7"
      ],
      "cta": "Contacta a Sentido de Vida",
      "image": "week-8.jpg",
      "quarter": "Primer Trimestre: Cimientos y Realidad"
    },
    {
      "week": 9,
      "title": "Dopamina",
      "subtitle": "El sistema de recompensa secuestrado",
      "description": "Las drogas hackean el sistema de placer del cerebro. Entiende cómo y por qué es tan difícil dejar.",
      "keyPoints": [
        "Dopamina: el neurotransmisor del placer",
        "Las drogas crean picos artificiales de dopamina",
        "El cerebro se adapta y necesita más",
        "La recuperación restaura el equilibrio natural"
      ],
      "cta": "Aprende sobre tu cerebro",
      "image": "week-9.jpg",
      "quarter": "Primer Trimestre: Cimientos y Realidad"
    },
    {
      "week": 10,
      "title": "Los Hijos de padres con adicciones",
      "subtitle": "Heredando el dolor",
      "description": "Los niños en familias con adicción cargan cicatrices emocionales. Pero la sanación es posible.",
      "keyPoints": [
        "Trauma infantil y apego inseguro",
        "Mayor riesgo de desarrollar adicciones",
        "Vergüenza y secretos que pesan",
        "Terapia infantil acelera la recuperación familiar"
      ],
      "cta": "Protege a los niños",
      "image": "week-10.jpg",
      "quarter": "Primer Trimestre: Cimientos y Realidad"
    },
    {
      "week": 11,
      "title": "Salud Física",
      "subtitle": "Daños al hígado y corazón",
      "description": "La adicción no solo afecta la mente. El cuerpo sufre daños irreversibles si no actuamos ahora.",
      "keyPoints": [
        "Cirrosis hepática y hepatitis",
        "Enfermedades cardiovasculares",
        "Desnutrición y envejecimiento prematuro",
        "La recuperación puede revertir algunos daños"
      ],
      "cta": "Salva tu salud",
      "image": "week-11.jpg",
      "quarter": "Primer Trimestre: Cimientos y Realidad"
    },
    {
      "week": 12,
      "title": "Grupos de Autoayuda",
      "subtitle": "AA y NA",
      "description": "No estás solo. Los grupos de autoayuda han salvado millones de vidas. Únete a una comunidad de recuperación.",
      "keyPoints": [
        "AA (Alcohólicos Anónimos) y NA (Narcóticos Anónimos)",
        "Comunidad de personas que entienden tu lucha",
        "Los 12 pasos como herramienta de transformación",
        "Apoyo gratuito y disponible en tu comunidad"
      ],
      "cta": "Encuentra tu grupo de apoyo",
      "image": "week-12.jpg",
      "quarter": "Primer Trimestre: Cimientos y Realidad"
    },
    {
      "week": 13,
      "title": "Tabaquismo y Vapeo",
      "subtitle": "En la actualidad",
      "description": "Aunque menos visible, el tabaco y el vapeo son adicciones que destruyen. Conoce la verdad.",
      "keyPoints": [
        "Nicotina: una de las drogas más adictivas",
        "Vapeo: marketing engañoso y riesgos reales",
        "Cáncer de pulmón y enfermedades respiratorias",
        "La recuperación es posible a cualquier edad"
      ],
      "cta": "Deja de fumar hoy",
      "image": "week-13.jpg",
      "quarter": "Primer Trimestre: Cimientos y Realidad"
    },
    {
      "week": 14,
      "title": "Cómo hablar con un adicto",
      "subtitle": "Comunicación Asertiva",
      "description": "Las palabras correctas pueden abrir puertas. Aprende a comunicar con amor y firmeza.",
      "keyPoints": [
        "Evita culpa, vergüenza y amenazas",
        "Sé específico sobre el comportamiento, no sobre la persona",
        "Escucha sin juzgar",
        "Establece límites claros y consecuencias"
      ],
      "cta": "Mejora tu comunicación",
      "image": "week-14.jpg",
      "quarter": "Segundo Trimestre: Comportamientos y Herramientas"
    },
    {
      "week": 15,
      "title": "Deterioro Cognitivo",
      "subtitle": "Pérdida de memoria",
      "description": "Las drogas no solo roban el presente, también roban la memoria y la capacidad de pensar claro.",
      "keyPoints": [
        "Daño a la corteza prefrontal (decisiones y control)",
        "Pérdida de memoria a corto y largo plazo",
        "Dificultad de concentración y aprendizaje",
        "Algunos daños pueden revertirse con tiempo y tratamiento"
      ],
      "cta": "Protege tu mente",
      "image": "week-15.jpg",
      "quarter": "Segundo Trimestre: Comportamientos y Herramientas"
    },
    {
      "week": 16,
      "title": "Desintoxicación Médica",
      "subtitle": "Supervisada",
      "description": "La desintoxicación es el primer paso físico. Requiere supervisión médica para ser segura.",
      "keyPoints": [
        "Síntomas de abstinencia pueden ser graves",
        "Supervisión médica previene complicaciones",
        "Medicamentos pueden aliviar el proceso",
        "Desintoxicación es el inicio, no la cura"
      ],
      "cta": "Inicia tu desintoxicación segura",
      "image": "week-16.jpg",
      "quarter": "Segundo Trimestre: Comportamientos y Herramientas"
    },
    {
      "week": 17,
      "title": "Marihuana",
      "subtitle": "Mitos y realidades cognitivas",
      "description": "Aunque legal en algunos lugares, la marihuana tiene efectos reales en el cerebro, especialmente en jóvenes.",
      "keyPoints": [
        "THC afecta memoria y concentración",
        "Dependencia psicológica es real",
        "Riesgo de psicosis en personas predispuestas",
        "No es la droga 'segura' que muchos creen"
      ],
      "cta": "Conoce la verdad sobre la marihuana",
      "image": "week-17.jpg",
      "quarter": "Segundo Trimestre: Comportamientos y Herramientas"
    },
    {
      "week": 18,
      "title": "El Rol de los Límites",
      "subtitle": "Aprender a decir no",
      "description": "Los límites no son egoísmo, son salud. Aprende a decir no sin culpa.",
      "keyPoints": [
        "Límites protegen tu bienestar emocional",
        "Decir no es un derecho, no una obligación",
        "Culpa es manipulación disfrazada",
        "Los límites salvan relaciones"
      ],
      "cta": "Establece tus límites",
      "image": "week-18.jpg",
      "quarter": "Segundo Trimestre: Comportamientos y Herramientas"
    },
    {
      "week": 19,
      "title": "Economía Personal",
      "subtitle": "El costo de la adicción",
      "description": "La adicción es cara. Muy cara. Calcula cuánto dinero has gastado y qué podrías hacer con él.",
      "keyPoints": [
        "Gasto promedio en drogas: miles de pesos mensuales",
        "Pérdida de ingresos por ausentismo",
        "Deudas y problemas financieros",
        "La recuperación es la mejor inversión"
      ],
      "cta": "Recupera tu estabilidad financiera",
      "image": "week-19.jpg",
      "quarter": "Segundo Trimestre: Comportamientos y Herramientas"
    },
    {
      "week": 20,
      "title": "Terapia Cognitivo-Conductual",
      "subtitle": "Cambiar el pensamiento",
      "description": "La TCC es una herramienta probada para cambiar patrones de pensamiento destructivos.",
      "keyPoints": [
        "Pensamientos → Sentimientos → Acciones",
        "Identificar creencias limitantes",
        "Reemplazar con patrones saludables",
        "Resultados comprobados científicamente"
      ],
      "cta": "Inicia tu terapia",
      "image": "week-20.jpg",
      "quarter": "Segundo Trimestre: Comportamientos y Herramientas"
    },
    {
      "week": 21,
      "title": "Cocaína y Estimulantes",
      "subtitle": "Impacto neurológico",
      "description": "Los estimulantes son especialmente destructivos. Crean dependencia rápida y daño severo.",
      "keyPoints": [
        "Cocaína: el estimulante más adictivo",
        "Riesgo de infarto y accidente cerebrovascular",
        "Paranoia y psicosis",
        "Recuperación requiere apoyo intensivo"
      ],
      "cta": "Busca ayuda inmediata",
      "image": "week-21.jpg",
      "quarter": "Segundo Trimestre: Comportamientos y Herramientas"
    },
    {
      "week": 22,
      "title": "Intervención Familiar",
      "subtitle": "Confrontar con amor",
      "description": "A veces es necesario intervenir. Aprende a hacerlo de forma efectiva y compasiva.",
      "keyPoints": [
        "Intervención estructurada vs. confrontación emocional",
        "Preparación y profesionales especializados",
        "Establecer consecuencias claras",
        "El objetivo es abrir los ojos, no castigar"
      ],
      "cta": "Planifica una intervención",
      "image": "week-22.jpg",
      "quarter": "Segundo Trimestre: Comportamientos y Herramientas"
    },
    {
      "week": 23,
      "title": "Aislamiento Social",
      "subtitle": "Y soledad",
      "description": "La adicción aísla. La soledad profundiza la adicción. Es un ciclo que debe romperse.",
      "keyPoints": [
        "Pérdida de amigos y conexiones",
        "Vergüenza que lleva al aislamiento",
        "Soledad aumenta el riesgo de recaída",
        "Comunidad es clave en la recuperación"
      ],
      "cta": "Reconecta con la vida",
      "image": "week-23.jpg",
      "quarter": "Segundo Trimestre: Comportamientos y Herramientas"
    },
    {
      "week": 24,
      "title": "Prevención de Recaídas",
      "subtitle": "Identificar disparadores",
      "description": "La recaída no es fracaso, es parte del proceso. Aprende a identificar y evitar tus disparadores.",
      "keyPoints": [
        "Disparadores emocionales, sociales y ambientales",
        "Plan de acción ante el craving",
        "Red de apoyo disponible 24/7",
        "Cada día sin recaída es una victoria"
      ],
      "cta": "Crea tu plan de prevención",
      "image": "week-24.jpg",
      "quarter": "Segundo Trimestre: Comportamientos y Herramientas"
    },
    {
      "week": 25,
      "title": "Opioides y Fentanilo",
      "subtitle": "La crisis mortal",
      "description": "Los opioides son la epidemia silenciosa. El fentanilo es 50 veces más potente que la heroína.",
      "keyPoints": [
        "Prescripción médica que se convierte en adicción",
        "Fentanilo: una dosis puede ser letal",
        "Sobredosis accidental es cada vez más común",
        "Tratamiento con metadona o buprenorfina"
      ],
      "cta": "Aprende sobre los opioides",
      "image": "week-25.jpg",
      "quarter": "Tercer Trimestre: Profundización y Manejo de Crisis"
    },
    {
      "week": 26,
      "title": "El Estigma Social",
      "subtitle": "Barreras para la cura",
      "description": "La sociedad juzga. Pero la adicción no discrimina. Rompamos el estigma juntos.",
      "keyPoints": [
        "Estigma impide que las personas busquen ayuda",
        "Adicción es enfermedad, no elección moral",
        "Lenguaje importa: 'persona en recuperación', no 'drogadicto'",
        "La aceptación acelera la sanación"
      ],
      "cta": "Rompe el estigma",
      "image": "week-26.jpg",
      "quarter": "Tercer Trimestre: Profundización y Manejo de Crisis"
    },
    {
      "week": 27,
      "title": "Pérdida de Valores",
      "subtitle": "Y ética personal",
      "description": "La adicción erosiona los valores. Personas hacen cosas que nunca imaginaron. Pero la redención es posible.",
      "keyPoints": [
        "Robo, mentira, manipulación para conseguir drogas",
        "Pérdida de identidad y propósito",
        "Culpa y vergüenza profundas",
        "La recuperación restaura valores y dignidad"
      ],
      "cta": "Recupera tu dignidad",
      "image": "week-27.jpg",
      "quarter": "Tercer Trimestre: Profundización y Manejo de Crisis"
    },
    {
      "week": 28,
      "title": "Manejo de Emociones",
      "subtitle": "Sin sustancias",
      "description": "Las drogas eran tu forma de escapar de las emociones. Aprende a sentir sin escapar.",
      "keyPoints": [
        "Identificar y nombrar las emociones",
        "Técnicas de regulación emocional",
        "Meditación y mindfulness",
        "La vida sin drogas tiene más color"
      ],
      "cta": "Aprende a sentir",
      "image": "week-28.jpg",
      "quarter": "Tercer Trimestre: Profundización y Manejo de Crisis"
    },
    {
      "week": 29,
      "title": "Drogas Sintéticas",
      "subtitle": "Cristal/Metanfetamina",
      "description": "El cristal es devastador. Rápido, barato y extremadamente adictivo. Conoce sus peligros.",
      "keyPoints": [
        "Metanfetamina: la droga que destruye más rápido",
        "Daño cerebral y físico irreversible",
        "Comportamiento violento y psicosis",
        "Recuperación requiere tratamiento intensivo"
      ],
      "cta": "Busca ayuda ahora",
      "image": "week-29.jpg",
      "quarter": "Tercer Trimestre: Profundización y Manejo de Crisis"
    },
    {
      "week": 30,
      "title": "Amistades y Entornos",
      "subtitle": "De riesgo",
      "description": "El ambiente es determinante. Si sigues rodeado de drogas, la recuperación es casi imposible.",
      "keyPoints": [
        "Amigos que usan drogas son disparadores",
        "Cambiar de ambiente es a veces necesario",
        "Nuevas amistades saludables",
        "Comunidad de recuperación te sostiene"
      ],
      "cta": "Cambia tu círculo",
      "image": "week-30.jpg",
      "quarter": "Tercer Trimestre: Profundización y Manejo de Crisis"
    },
    {
      "week": 31,
      "title": "El Fenómeno de la Tolerancia",
      "subtitle": "Necesitar más",
      "description": "El cuerpo se adapta. Cada vez necesitas más para sentir el mismo efecto. Es un ciclo sin fin.",
      "keyPoints": [
        "Tolerancia crece rápidamente",
        "Necesidad de dosis más altas",
        "Mayor riesgo de sobredosis",
        "La única salida es dejar completamente"
      ],
      "cta": "Detén el ciclo",
      "image": "week-31.jpg",
      "quarter": "Tercer Trimestre: Profundización y Manejo de Crisis"
    },
    {
      "week": 32,
      "title": "Reinserción Laboral",
      "subtitle": "Tras el tratamiento",
      "description": "Volver al trabajo es parte de la recuperación. Es posible reconstruir tu carrera.",
      "keyPoints": [
        "Honestidad sobre tu pasado (cuando sea apropiado)",
        "Habilidades transferibles de la recuperación",
        "Empleadores cada vez más comprensivos",
        "Estabilidad laboral = estabilidad en la recuperación"
      ],
      "cta": "Reconstruye tu carrera",
      "image": "week-32.jpg",
      "quarter": "Tercer Trimestre: Profundización y Manejo de Crisis"
    },
    {
      "week": 33,
      "title": "Benzodiacepinas",
      "subtitle": "Y automedicación",
      "description": "Medicinas prescritas pueden ser tan adictivas como las drogas ilegales. Cuidado con la automedicación.",
      "keyPoints": [
        "Benzos: prescritos pero altamente adictivos",
        "Riesgo de dependencia física",
        "Interacción peligrosa con alcohol",
        "Supervisión médica es esencial"
      ],
      "cta": "Usa medicinas responsablemente",
      "image": "week-33.jpg",
      "quarter": "Tercer Trimestre: Profundización y Manejo de Crisis"
    },
    {
      "week": 34,
      "title": "Violencia y Adicciones",
      "subtitle": "En el hogar",
      "description": "La adicción y la violencia van de la mano. Si hay violencia, busca ayuda inmediata.",
      "keyPoints": [
        "Alcohol y drogas desinhibidores de la violencia",
        "Ciclo de violencia y arrepentimiento",
        "Protección de víctimas es prioridad",
        "Tratamiento simultáneo de ambos problemas"
      ],
      "cta": "Busca ayuda si hay violencia",
      "image": "week-34.jpg",
      "quarter": "Tercer Trimestre: Profundización y Manejo de Crisis"
    },
    {
      "week": 35,
      "title": "Síndrome de Abstinencia",
      "subtitle": "Qué esperar",
      "description": "La abstinencia es incómoda, pero no es peligrosa si tienes apoyo médico. Conoce qué esperar.",
      "keyPoints": [
        "Síntomas: ansiedad, insomnio, dolor corporal",
        "Duración varía según la droga",
        "Medicamentos pueden aliviar síntomas",
        "Apoyo emocional es crucial"
      ],
      "cta": "Prepárate para la abstinencia",
      "image": "week-35.jpg",
      "quarter": "Tercer Trimestre: Profundización y Manejo de Crisis"
    },
    {
      "week": 36,
      "title": "Nutrición y Deporte",
      "subtitle": "En la recuperación",
      "description": "El cuerpo necesita sanar. Nutrición y ejercicio son medicinas naturales.",
      "keyPoints": [
        "Deficiencias nutricionales por abuso de drogas",
        "Ejercicio libera endorfinas naturales",
        "Deporte reconstruye autoestima",
        "Cuerpo sano = mente sana"
      ],
      "cta": "Comienza a cuidar tu cuerpo",
      "image": "week-36.jpg",
      "quarter": "Tercer Trimestre: Profundización y Manejo de Crisis"
    },
    {
      "week": 37,
      "title": "Adicciones Conductuales",
      "subtitle": "Juego y Tecnología",
      "description": "No solo las sustancias son adictivas. Comportamientos también pueden secuestrar el cerebro.",
      "keyPoints": [
        "Juego compulsivo: similar a drogas en el cerebro",
        "Adicción a internet y redes sociales",
        "Pornografía: dopamina artificial",
        "Tratamiento similar al de sustancias"
      ],
      "cta": "Identifica tus adicciones",
      "image": "week-37.jpg",
      "quarter": "Tercer Trimestre: Profundización y Manejo de Crisis"
    },
    {
      "week": 38,
      "title": "El Duelo en la Familia",
      "subtitle": "Perder al ser querido en vida",
      "description": "Es un duelo especial: la persona está viva, pero no está. Aprende a procesar este dolor.",
      "keyPoints": [
        "Duelo anticipado: el ser querido ya no es el mismo",
        "Pérdida de la relación que tenían",
        "Esperanza vs. realidad",
        "Apoyo profesional para procesar el duelo"
      ],
      "cta": "Procesa tu duelo",
      "image": "week-38.jpg",
      "quarter": "Tercer Trimestre: Profundización y Manejo de Crisis"
    },
    {
      "week": 39,
      "title": "Sobredosis",
      "subtitle": "Signos de alerta y primeros auxilios",
      "description": "La sobredosis es una emergencia médica. Conoce los signos y qué hacer.",
      "keyPoints": [
        "Signos: respiración lenta, inconsciencia, labios azules",
        "Naloxona (Narcan) revierte sobredosis de opioides",
        "Llamar al 911 es la prioridad",
        "No temas buscar ayuda médica"
      ],
      "cta": "Aprende primeros auxilios",
      "image": "week-39.jpg",
      "quarter": "Tercer Trimestre: Profundización y Manejo de Crisis"
    },
    {
      "week": 40,
      "title": "Mindfulness y Meditación",
      "subtitle": "Para el craving",
      "description": "Cuando el craving ataca, la meditación puede salvarte. Aprende técnicas simples pero poderosas.",
      "keyPoints": [
        "Mindfulness: estar presente sin juzgar",
        "Meditación reduce ansiedad y craving",
        "Técnicas de respiración para crisis",
        "Práctica diaria = resultados duraderos"
      ],
      "cta": "Comienza a meditar",
      "image": "week-40.jpg",
      "quarter": "Cuarto Trimestre: Consolidación y Nuevo Estilo de Vida"
    },
    {
      "week": 41,
      "title": "Patología Dual",
      "subtitle": "Salud Mental + Adicción",
      "description": "Muchas personas tienen depresión, ansiedad o bipolaridad además de adicción. Ambas necesitan tratamiento.",
      "keyPoints": [
        "Depresión y ansiedad son comunes en adicción",
        "Tratar solo la adicción no es suficiente",
        "Medicamentos psiquiátricos pueden ayudar",
        "Terapia integrada es esencial"
      ],
      "cta": "Trata tu salud mental completa",
      "image": "week-41.jpg",
      "quarter": "Cuarto Trimestre: Consolidación y Nuevo Estilo de Vida"
    },
    {
      "week": 42,
      "title": "Apoyo para el Cuidador",
      "subtitle": "Autocuidado",
      "description": "Si cuidas a alguien con adicción, también necesitas cuidarte. No puedes verter de una taza vacía.",
      "keyPoints": [
        "Burnout del cuidador es real",
        "Establecer límites te protege",
        "Grupos de apoyo para familias",
        "Tu salud mental importa"
      ],
      "cta": "Cuídate a ti mismo",
      "image": "week-42.jpg",
      "quarter": "Cuarto Trimestre: Consolidación y Nuevo Estilo de Vida"
    },
    {
      "week": 43,
      "title": "La Mentira",
      "subtitle": "Como mecanismo de defensa",
      "description": "Los adictos mienten. No es maldad, es supervivencia. Pero la verdad es el camino a la libertad.",
      "keyPoints": [
        "Mentira protege la adicción",
        "Confianza se reconstruye lentamente",
        "Honestidad es parte de la recuperación",
        "Transparencia = sanación"
      ],
      "cta": "Elige la verdad",
      "image": "week-43.jpg",
      "quarter": "Cuarto Trimestre: Consolidación y Nuevo Estilo de Vida"
    },
    {
      "week": 44,
      "title": "El Plan de Vida",
      "subtitle": "Metas post-rehabilitación",
      "description": "La recuperación no es solo dejar drogas. Es construir una vida que valga la pena vivir.",
      "keyPoints": [
        "Metas claras dan propósito",
        "Educación, trabajo, relaciones",
        "Sueños que parecían imposibles",
        "Cada día es un paso hacia tu futuro"
      ],
      "cta": "Crea tu plan de vida",
      "image": "week-44.jpg",
      "quarter": "Cuarto Trimestre: Consolidación y Nuevo Estilo de Vida"
    },
    {
      "week": 45,
      "title": "Drogas de Diseño",
      "subtitle": "En entornos de fiesta",
      "description": "MDMA, LSD, ketamina: drogas 'de diseño' que parecen seguras pero son peligrosas.",
      "keyPoints": [
        "Drogas sintéticas evolucionan constantemente",
        "Riesgo de adulteración con sustancias tóxicas",
        "Efectos impredecibles",
        "Daño neurológico a largo plazo"
      ],
      "cta": "Conoce los riesgos",
      "image": "week-45.jpg",
      "quarter": "Cuarto Trimestre: Consolidación y Nuevo Estilo de Vida"
    },
    {
      "week": 46,
      "title": "La Verdad vs. El Secreto",
      "subtitle": "Familiar",
      "description": "Los secretos envenenan. La verdad, aunque duele, libera.",
      "keyPoints": [
        "Secretos perpetúan la enfermedad",
        "Verdad es incómoda pero sanadora",
        "Comunicación honesta reconstruye confianza",
        "La familia crece cuando se abre"
      ],
      "cta": "Elige la transparencia",
      "image": "week-46.jpg",
      "quarter": "Cuarto Trimestre: Consolidación y Nuevo Estilo de Vida"
    },
    {
      "week": 47,
      "title": "Impacto en la Sexualidad",
      "subtitle": "Y riesgos",
      "description": "La adicción afecta la sexualidad. Comportamientos de riesgo, disfunción sexual, infecciones.",
      "keyPoints": [
        "Disfunción eréctil y baja libido",
        "Comportamientos sexuales de riesgo",
        "Riesgo de ITS",
        "La sexualidad se recupera con la sobriedad"
      ],
      "cta": "Recupera tu sexualidad",
      "image": "week-47.jpg",
      "quarter": "Cuarto Trimestre: Consolidación y Nuevo Estilo de Vida"
    },
    {
      "week": 48,
      "title": "Celebrando la Sobriedad",
      "subtitle": "El conteo de días",
      "description": "Cada día sin drogas es una victoria. Celebra cada hito, no importa cuán pequeño.",
      "keyPoints": [
        "1 día, 30 días, 1 año, 5 años",
        "Cada día es un logro",
        "Comunidad celebra contigo",
        "Tu vida tiene valor"
      ],
      "cta": "Celebra tu recuperación",
      "image": "week-48.jpg",
      "quarter": "Cuarto Trimestre: Consolidación y Nuevo Estilo de Vida"
    },
    {
      "week": 49,
      "title": "Mitos Comunes",
      "subtitle": "Yo lo dejo cuando quiera",
      "description": "Los mitos sobre la adicción perpetúan el sufrimiento. Conoce la verdad.",
      "keyPoints": [
        "Mito: 'Puedo dejar cuando quiera' (No, es enfermedad)",
        "Mito: 'Solo necesita fuerza de voluntad' (No, necesita tratamiento)",
        "Mito: 'La adicción es elección' (No, es enfermedad)",
        "Verdad: La recuperación es posible"
      ],
      "cta": "Rompe los mitos",
      "image": "week-49.jpg",
      "quarter": "Cuarto Trimestre: Consolidación y Nuevo Estilo de Vida"
    },
    {
      "week": 50,
      "title": "Resiliencia Familiar",
      "subtitle": "Reconstruir la confianza",
      "description": "La confianza rota toma tiempo en reconstruirse. Pero es posible.",
      "keyPoints": [
        "Consistencia reconstruye confianza",
        "Acciones hablan más que palabras",
        "Paciencia de la familia es crucial",
        "Nueva relación, más fuerte"
      ],
      "cta": "Reconstruye tu familia",
      "image": "week-50.jpg",
      "quarter": "Cuarto Trimestre: Consolidación y Nuevo Estilo de Vida"
    },
    {
      "week": 51,
      "title": "Espiritualidad",
      "subtitle": "Y propósito de vida",
      "description": "No necesita ser religión. Espiritualidad es conexión con algo mayor que uno mismo.",
      "keyPoints": [
        "Propósito da significado a la vida",
        "Conexión con naturaleza, arte, comunidad",
        "Fe en algo mayor que la adicción",
        "Espiritualidad acelera la recuperación"
      ],
      "cta": "Encuentra tu propósito",
      "image": "week-51.jpg",
      "quarter": "Cuarto Trimestre: Consolidación y Nuevo Estilo de Vida"
    },
    {
      "week": 52,
      "title": "El Servicio",
      "subtitle": "Ayudar a otros para sanar uno mismo",
      "description": "La mejor medicina es ayudar a otros. Tu experiencia puede salvar vidas.",
      "keyPoints": [
        "Servicio da propósito",
        "Compartir tu historia inspira a otros",
        "Voluntariado en centros de recuperación",
        "Tu dolor tiene significado"
      ],
      "cta": "Comienza a servir",
      "image": "week-52.jpg",
      "quarter": "Cuarto Trimestre: Consolidación y Nuevo Estilo de Vida"
    }
  ]
}
